id;title;content;date
1;Industrial;../data/blob/hipster.txt;2019-06-23T04:41:44
2;Views e-enable Communications;../data/blob/hipster.txt;2019-06-23T07:27:21
3;archive Georgia Aruba;../data/blob/hipster.txt;2019-06-23T01:50:32
4;navigating;../data/blob/hipster.txt;2019-06-23T06:58:29
5;South Georgia and the South Sandwich Islands;../data/blob/hipster.txt;2019-06-23T10:49:42
6;Specialist Home Loan Account;../data/blob/hipster.txt;2019-06-23T18:17:10
7;scalable;../data/blob/hipster.txt;2019-06-23T20:56:37
8;Industrial;../data/blob/hipster.txt;2019-06-23T14:44:55
9;reinvent 24 hour Jewelery;../data/blob/hipster.txt;2019-06-23T20:08:16
10;monitor 1080p Checking Account;../data/blob/hipster.txt;2019-06-23T02:40:45
